year,Number,Total_per_dist,per_under_15k,15k_to_25k,25k_to_35k,35k_to_50k,50k_to_75k,75k_to_100k,100k_to_150k,150k_to_200k,per_over_200k,Median_income_est,Margin of error,mean_income_est,Margin of error,Race
2022,"131,400",100,8.3,7.4,7.6,10.6,16.2,12.3,16.4,9.2,11.9,"74,580",968,"106,400","1,034",all
2021,"131,200",100,8.4,7.7,7.5,10.4,15.3,12.2,16.1,9.1,13.3,"76,330",653,"110,300","1,110",all
2020,"129,200",100,8.1,7.7,7.5,10.3,15.6,12.1,16.5,9,13.2,"76,660",992,"109,900","1,183",all
2019,"128,500",100,7.7,7.1,7.4,10.4,16,12,16.9,9.3,13.4,"78,250","1,030","111,700","1,187",all
2018,"128,600",100,8.5,7.8,8,10.8,15.9,12.7,16.2,8.6,11.4,"73,030",799,"104,100","1,038",all
2017,"127,700",100,8.7,8.2,7.6,11.8,15.5,12.3,16.1,8.2,11.6,"72,090",624,"103,300","1,107",all
2017,"127,600",100,8.7,8.2,7.7,11.8,15,12.5,16.1,8.6,11.2,"72,370",650,"101,700","1,009",all
2016,"126,200",100,9,8,8,11.5,16.2,12.3,16.1,8.3,10.6,"70,840",861,"99,760",926,all
2015,"125,800",100,9.1,8.8,8.3,12.1,15.5,12.1,16,8.4,9.6,"68,410",639,"95,950",802,all
2014,"124,600",100,10.1,9.2,8.5,12.3,16,12.2,15,7.9,8.9,"64,900",780,"91,610",887,all
2013,"123,900",100,10,9.3,8.7,11.7,16.3,12.4,15.1,7.6,9,"65,740","1,320","92,250","1,340",all
2013,"123,000",100,9.9,9.6,8.5,12.5,16.7,12.5,15,7.5,7.9,"63,720",557,"89,120","1,007",all
2012,"122,500",100,9.9,9.6,9.1,12.4,16.5,12.4,15,7.4,7.6,"63,350",427,"88,500",860,all
2011,"121,100",100,9.7,9.3,9.3,12.4,16.6,12.7,15,7.3,7.7,"63,350",523,"88,190",766,all
2010,"119,900",100,9.6,9.5,9.1,12.1,16.5,12.6,15.3,7.6,7.7,"64,300",698,"87,940",773,all
2009,"117,500",100,8.9,8.9,9.4,11.9,17,12.9,15.6,7.5,7.9,"65,850",464,"89,920",529,all
2008,"117,200",100,8.9,8.8,9.3,12,16.7,12.8,16.1,7.6,7.9,"66,280",297,"90,150",524,all
2007,"116,800",100,8.5,9.1,8.5,11.6,16.5,13,16.4,8,8.4,"68,610",315,"92,340",530,all
2006,"116,000",100,8.5,8.4,8.4,12.7,17,12.7,16.1,7.7,8.4,"67,520",477,"93,260",592,all
2005,"114,400",100,8.9,8.8,8.6,11.8,17.5,12.6,16.3,7.4,8,"66,780",368,"91,310",567,all
2004,"113,300",100,9,8.9,8.7,12.5,17.1,12.7,16.1,7.3,7.7,"65,760",478,"89,690",556,all
2003,"112,000",100,8.9,9.3,8.6,12,16.7,13,16,7.9,7.6,"65,860",470,"89,810",540,all
2002,"111,300",100,8.8,9.2,8.4,12.4,16.7,13,16.4,7.7,7.4,"65,820",355,"89,790",554,all
2001,"109,300",100,8.4,9,8.6,12.1,16.9,13.2,16.5,7.6,7.7,"66,360",333,"91,470",600,all
2000,"108,200",100,8.2,8.8,8.2,12.6,17,13.3,16.6,7.6,7.7,"67,470",349,"91,810",595,all
1999,"106,400",100,8.1,8.9,8.7,12.2,17,13.2,16.7,7.5,7.7,"67,650",520,"90,990",777,all
1998,"103,900",100,8.7,9,8.7,12,17.4,13.5,16.7,7.3,6.8,"65,980",642,"87,980",781,all
1997,"102,500",100,9.2,9.3,9.2,12.1,17.7,13.4,16.1,6.7,6.3,"63,640",484,"85,460",786,all
1996,"101,000",100,9.4,9.8,8.9,12.9,17.6,13.5,16,6.2,5.7,"62,350",517,"82,780",763,all
1995,"99,630",100,9.4,9.7,9.4,12.6,18.4,13.6,15.5,6.2,5.3,"61,440",584,"81,030",730,all
1994,"98,990",100,10.2,10.1,9.3,13.2,18,13,15.2,5.8,5.2,"59,550",446,"79,610",704,all
1993,"97,110",100,10.5,10.2,9.3,13.2,17.9,13.4,14.8,5.9,4.8,"58,920",453,"78,140",695,all
1992,"96,430",100,10.6,10,9.5,12.8,18.3,13.7,15.1,5.7,4.3,"59,210",461,"75,070",518,all
1991,"95,670",100,10.3,9.8,9,13.4,18.4,14,15.1,5.8,4.3,"59,710",473,"75,160",509,all
1990,"94,310",100,10,9.4,8.9,12.9,19.2,13.9,15.3,5.8,4.6,"61,500",517,"76,820",534,all
1989,"93,350",100,9.4,9.4,9.3,12.5,18.4,14.3,15.8,6.1,4.8,"62,260",563,"78,660",563,all
1988,"92,830",100,10.2,9.3,9,12.8,18.5,14.4,15.7,5.6,4.5,"61,210",492,"76,480",562,all
1987,"91,120",100,10.4,9.4,9.2,12.8,18.6,14.2,15.6,5.6,4.2,"60,760",472,"75,560",510,all
1986,"89,480",100,10.8,9.4,9.1,13.1,18.8,14.3,15.3,5.3,3.9,"60,010",511,"74,140",496,all
1985,"88,460",100,10.8,10,9.4,13.6,19.2,14,14.7,4.8,3.4,"57,860",516,"71,210",463,all
1984,"86,790",100,10.6,10.3,9.8,13.7,19.5,13.9,14.4,4.7,3.2,"56,780",425,"69,570",421,all
1983,"85,410",100,11.2,10.2,10.4,13.7,19.8,13.9,13.7,4.3,2.8,"55,120",412,"67,040",412,all
1982,"83,920",100,11.3,10.5,10,13.8,20.4,14,13.3,4,2.7,"55,470",412,"66,850",407,all
1981,"83,530",100,11.2,10.2,10.4,13.9,19.7,14.6,13.6,4.1,2.3,"55,630",480,"66,460",398,all
1980,"82,370",100,10.7,10.3,9.8,13.9,20,15.1,13.8,4.2,2.3,"56,580",478,"67,300",405,all
1979,"80,780",100,10.5,9.8,9.1,13.9,20,15.3,14.4,4.3,2.7,"58,400",455,"69,370",432,all
1978,"77,330",100,10.2,10.2,9.6,13.3,20.2,15.5,14.4,4,2.6,"58,510",390,"68,860",434,all
1977,"76,030",100,10.6,10.7,9.6,13.7,20.6,15,13.9,3.5,2.3,"56,320",348,"66,810",334,all
1976,"74,140",100,10.7,10.4,9.7,14,20.6,15.7,13.3,3.4,2.1,"56,040",342,"65,920",334,all
1975,"72,870",100,10.9,10.8,9.8,14.3,21.4,15,12.8,3.1,1.9,"55,100",369,"64,340",330,all
1974,"71,160",100,10.3,10,9.7,13.7,21.9,15.4,13.4,3.6,2.1,"56,640",358,"66,240",341,all
1973,"69,860",100,10.4,10.2,9.1,12.8,21.6,15.6,14.2,3.7,2.4,"58,400",366,"67,540",338,all
1972,"68,250",100,11.2,9.9,9.1,13.7,21.9,15.4,13.2,3.5,2.2,"57,170",359,"66,540",339,all
1971,"66,680",100,12,9.7,9.6,14.6,22.9,14.9,11.7,3,1.7,"55,010",351,"63,260",331,all
1970,"64,780",100,12.1,9.3,9.4,13.9,23.4,15.4,11.8,2.9,1.8,"55,490",334,"63,530",334,all
1969,"63,400",100,12,9.1,9.1,14.3,23.7,15.5,11.7,2.8,1.7,"55,890",340,"63,590",329,all
1968,"62,210",100,12.3,9.4,9.7,15,24.4,15.1,10.5,2.3,1.4,"53,770",320,"60,840",320,all
1967,"60,810",100,13.5,9.6,9.2,15.9,25.3,13.4,9.3,2.3,1.5,"51,570",309,"57,680",309,all
2022,"101,400",100,7.4,7.2,7.4,10.4,16.2,12.6,17.1,9.5,12.3,"77,250",871,"109,300","1,215",white alone
2021,"102,100",100,7.4,7.2,7.2,10.2,15.3,12.4,16.9,9.5,13.9,"80,080",983,"114,100","1,276",white alone
2020,"100,900",100,6.9,7.2,7.3,10.1,15.6,12.4,17.2,9.6,13.7,"80,750",831,"113,300","1,346",white alone
2019,"100,600",100,6.5,6.7,6.8,10.2,16.1,12.3,17.5,9.7,14.1,"82,240",911,"115,900","1,358",white alone
2018,"100,500",100,7.1,7.3,7.6,10.6,16,13.2,17.1,9.1,12.1,"77,380",746,"108,600","1,194",white alone
2017,"100,100",100,7.3,7.6,7.4,11.4,15.7,12.6,16.9,8.7,12.4,"76,450",993,"107,900","1,245",white alone
2017,"100,100",100,7.3,7.8,7.5,11.4,15.1,12.9,17,9.1,11.9,"76,970",807,"105,700","1,168",white alone
2016,"99,400",100,7.6,7.5,7.8,11.3,16.4,12.6,16.9,8.8,11.2,"74,220",659,"103,600","1,054",white alone
2015,"99,310",100,7.5,8.3,8.2,12,15.5,12.5,16.8,8.9,10.1,"72,760",759,"99,530",936,white alone
2014,"98,680",100,8.6,8.7,8.2,12.1,16.1,12.7,15.7,8.3,9.5,"68,790",706,"95,430","1,041",white alone
2013,"98,810",100,8.5,8.9,8.5,11.5,16.3,13,15.8,7.9,9.6,"69,620","1,043","95,480","1,530",white alone
2013,"97,770",100,8.3,9.1,8.2,12.2,16.9,13.1,15.8,7.9,8.4,"67,790",858,"93,040","1,098",white alone
2012,"97,710",100,8.2,9.2,8.9,12.3,16.7,12.9,15.8,7.9,8.2,"66,690",784,"92,400",948,white alone
2011,"96,960",100,8,8.8,9,12.4,16.9,13.1,15.7,7.7,8.3,"66,080",468,"92,150",879,white alone
2010,"96,310",100,8,9.2,8.8,12,16.6,13,16.2,8,8.3,"67,480",543,"91,880",869,white alone
2009,"95,490",100,7.4,8.4,9.2,11.7,17.2,13.3,16.3,8,8.4,"68,600",335,"93,320",592,white alone
2008,"95,300",100,7.5,8.5,9,11.7,16.7,13.3,16.9,8,8.4,"68,920",329,"93,800",594,white alone
2007,"95,110",100,7,8.7,8.4,11.4,16.6,13.2,17.1,8.5,9.1,"71,180",346,"96,060",602,white alone
2006,"94,710",100,7.1,8,8.2,12.5,17.2,13,16.9,8.1,9,"70,990",339,"96,810",664,white alone
2005,"93,590",100,7.4,8.4,8.4,11.8,17.5,13,17,7.9,8.6,"69,990",503,"95,090",647,white alone
2004,"92,880",100,7.6,8.6,8.4,12.2,17.1,13,16.9,7.8,8.2,"69,210",447,"93,310",632,white alone
2003,"91,960",100,7.5,8.8,8.5,11.9,16.8,13.3,16.7,8.3,8.2,"69,380",448,"93,640",618,white alone
2002,"91,650",100,7.5,8.8,8.2,12.2,16.6,13.5,17.2,8.1,7.9,"69,980",467,"93,380",626,white alone
2001,"90,680",100,7.1,8.8,8.3,11.9,17,13.4,17.2,8,8.3,"69,960",540,"95,090",672,white
2000,"90,030",100,7,8.5,7.9,12.4,17,13.6,17.3,8,8.2,"70,570",513,"95,210",671,white
1999,"88,890",100,6.8,8.5,8.5,12.1,17.1,13.6,17.6,7.9,8,"70,360",585,"94,290",878,white
1998,"87,210",100,7.2,8.6,8.4,11.8,17.5,13.9,17.5,7.7,7.3,"69,420",572,"91,970",890,white
1997,"86,110",100,7.8,8.9,9,11.9,17.9,13.7,16.9,7.1,6.8,"67,030",699,"89,260",894,white
1996,"85,060",100,7.9,9.2,8.7,12.8,17.8,14,16.7,6.6,6.2,"65,280",555,"86,070",838,white
1995,"84,510",100,8,9.2,9.2,12.5,18.5,14,16.2,6.6,5.7,"64,490",555,"84,260",804,white
1994,"83,740",100,8.5,9.6,9,13.1,18.4,13.5,16,6.2,5.7,"62,810",580,"83,120",795,white
1993,"82,390",100,8.7,9.6,9,13.2,18.3,14,15.7,6.3,5.2,"62,170",596,"81,640",776,white
1992,"81,800",100,8.7,9.5,9.3,12.8,18.7,14.3,16,6.1,4.7,"62,250",496,"78,460",575,white
1991,"81,680",100,8.5,9.3,8.8,13.4,18.7,14.5,16,6.2,4.6,"62,570",499,"78,330",561,white
1990,"80,970",100,8.3,8.8,8.8,12.9,19.6,14.4,16.2,6.1,5,"64,150",483,"79,920",588,white
1989,"80,160",100,7.8,8.9,9,12.4,18.8,14.8,16.6,6.5,5.2,"65,490",524,"81,930",624,white
1988,"79,730",100,8.6,8.6,8.8,12.7,19,15,16.6,6,4.8,"64,710",629,"79,740",618,white
1987,"78,520",100,8.7,8.8,8.9,12.7,19,14.8,16.6,5.9,4.5,"64,020",529,"78,790",560,white
1986,"77,280",100,9.2,8.9,8.7,13,19.2,14.9,16.2,5.6,4.2,"63,090",504,"77,230",543,white
1985,"76,580",100,9.3,9.5,9.1,13.5,19.6,14.6,15.5,5.2,3.7,"61,020",536,"74,130",512,white
1984,"75,330",100,9,9.7,9.3,13.6,20.1,14.6,15.2,5,3.4,"59,900",496,"72,440",463,white
1983,"74,380",100,9.5,9.5,10.1,13.7,20.4,14.5,14.5,4.6,3.1,"57,810",430,"69,820",447,white
1982,"73,180",100,9.8,9.9,9.6,13.9,20.8,14.7,14.1,4.3,3,"58,070",434,"69,610",448,white
1981,"72,850",100,9.6,9.5,10.1,13.9,20.2,15.3,14.4,4.5,2.5,"58,770",446,"69,240",432,white
1980,"71,870",100,9.2,9.6,9.4,13.9,20.4,15.8,14.6,4.5,2.6,"59,690",505,"70,010",441,white
1979,"70,770",100,9.2,9.1,8.8,13.7,20.5,15.9,15.2,4.6,3,"61,230",479,"72,110",473,white
1978,"68,030",100,8.9,9.6,9.3,13.2,20.5,16.3,15.1,4.3,2.8,"60,820",441,"71,410",473,white
1977,"66,930",100,9.4,10,9.2,13.5,21.1,15.7,14.7,3.8,2.5,"59,220",410,"69,420",369,white
1976,"65,350",100,9.5,9.7,9.3,14,21,16.5,14.1,3.7,2.3,"58,710",400,"68,460",363,white
1975,"64,390",100,9.7,10.1,9.5,14.2,21.9,15.6,13.6,3.3,2.1,"57,620",346,"66,720",361,white
1974,"62,980",100,9.2,9.3,9.3,13.5,22.4,16.1,14.1,3.9,2.3,"59,240",366,"68,690",366,white
1973,"61,970",100,9.3,9.4,8.7,12.5,21.9,16.3,15.1,4,2.6,"61,210",384,"70,160",366,white
1972,"60,620",100,10.1,9.1,8.6,13.5,22.5,16,14,3.8,2.4,"59,980",378,"69,130",369,white
1971,"59,460",100,10.9,9.1,9.1,14.3,23.6,15.6,12.4,3.2,1.9,"57,540",361,"65,550",351,white
1970,"57,580",100,11,8.7,9,13.6,24.1,16.1,12.5,3.1,1.9,"57,790",366,"65,760",355,white
1969,"56,250",100,10.9,8.5,8.6,13.9,24.4,16.4,12.4,3,1.9,"58,330",351,"65,950",362,white
1968,"55,390",100,11.2,8.7,9.1,14.9,25.2,15.8,11.1,2.4,1.5,"55,990",343,"63,030",343,white
1967,"54,190",100,12.4,8.8,8.8,15.8,26.2,14.1,9.9,2.4,1.6,"53,780",321,"59,790",333,white
2022,"84,490",100,6.9,7,7.1,9.9,15.7,12.4,17.6,10.1,13.4,"81,060",958,"114,000","1,414",white alone not hispanic
2021,"85,080",100,6.8,7.1,6.9,9.6,14.8,12.4,17.2,10.1,15.1,"84,110","1,165","119,400","1,497",white alone not hispanic
2020,"84,710",100,6.4,6.9,7,9.5,15.1,12.3,17.6,10.2,15,"84,990",958,"118,800","1,562",white alone not hispanic
2019,"84,870",100,6.1,6.5,6.4,9.7,15.6,12.2,18,10.2,15.4,"86,630",998,"121,500","1,548",white alone not hispanic
2018,"84,730",100,6.6,6.9,7.1,10,15.6,13.2,17.8,9.6,13.2,"81,650",753,"113,600","1,352",white alone not hispanic
2017,"84,710",100,6.7,7.3,7.1,10.9,15.3,12.6,17.4,9.2,13.6,"80,400","1,307","112,900","1,369",white alone not hispanic
2017,"84,680",100,6.8,7.5,7.2,10.9,14.7,12.9,17.4,9.6,13,"80,350","1,238","110,200","1,282",white alone not hispanic
2016,"84,390",100,7.1,7.2,7.5,10.7,16.1,12.6,17.3,9.3,12.3,"78,040","1,007","107,700","1,202",white alone not hispanic
2015,"84,450",100,6.9,8.1,7.8,11.4,15.2,12.5,17.6,9.5,11,"76,200","1,079","103,600","1,057",white alone not hispanic
2014,"84,230",100,8.1,8.4,7.8,11.5,15.8,12.8,16.3,8.9,10.5,"72,890",732,"99,750","1,152",white alone not hispanic
2013,"84,430",100,7.9,8.4,7.9,10.6,16.3,13.4,16.5,8.5,10.5,"74,010","1,076","99,650","1,711",white alone not hispanic
2013,"83,640",100,7.6,8.7,7.7,11.7,16.7,13.3,16.5,8.5,9.2,"71,490","1,235","97,330","1,273",white alone not hispanic
2012,"83,790",100,7.4,8.8,8.5,11.7,16.5,13.2,16.5,8.5,8.9,"70,790",733,"96,660","1,052",white alone not hispanic
2011,"83,570",100,7.3,8.5,8.5,11.9,16.7,13.4,16.4,8.2,9.1,"70,130",683,"96,270",995,white alone not hispanic
2010,"83,310",100,7.3,8.9,8.3,11.5,16.4,13.2,16.9,8.5,9,"71,070",957,"95,700",987,white alone not hispanic
2009,"83,160",100,6.9,7.9,8.8,11.2,17.1,13.5,17,8.5,9.1,"72,040",607,"96,890",651,white alone not hispanic
2008,"82,880",100,6.9,8.1,8.6,11.1,16.4,13.5,17.6,8.6,9.1,"73,160",488,"97,630",657,white alone not hispanic
2007,"82,770",100,6.5,8.4,7.9,10.8,16.3,13.3,17.7,9.1,9.9,"75,010",555,"99,950",663,white alone not hispanic
2006,"82,680",100,6.6,7.7,7.7,12,16.8,13.2,17.6,8.6,9.7,"73,440",433,"100,500",730,white alone not hispanic
2005,"82,000",100,6.9,8.1,7.9,11.3,17.2,13.1,17.7,8.4,9.3,"73,210",408,"98,890",719,white alone not hispanic
2004,"81,630",100,7.2,8.3,8,11.7,16.8,13.2,17.6,8.3,8.9,"72,550",547,"96,790",693,white alone not hispanic
2003,"81,150",100,7,8.4,8.1,11.4,16.5,13.5,17.4,8.9,8.8,"72,640",578,"97,130",678,white alone not hispanic
2002,"81,170",100,7.1,8.5,7.8,11.6,16.4,13.6,17.9,8.6,8.5,"72,790",470,"96,410",674,white alone not hispanic
2001,"80,820",100,6.8,8.4,7.9,11.6,16.7,13.6,17.7,8.5,8.9,"72,770",496,"98,130",732,white not hispanic
2000,"80,530",100,6.7,8.2,7.6,12,16.7,13.7,17.9,8.5,8.7,"73,310",484,"98,110",724,white not hispanic
1999,"79,820",100,6.4,8.1,8.2,11.6,16.9,13.8,18.1,8.3,8.6,"73,400",763,"97,390",949,white not hispanic
1998,"78,580",100,6.6,8.2,8.1,11.4,17.4,14.1,18.2,8.1,7.8,"72,010",681,"94,920",955,white not hispanic
1997,"77,940",100,7.1,8.5,8.6,11.6,17.8,13.9,17.6,7.5,7.3,"69,790",600,"92,120",N,white not hispanic
1996,"77,240",100,7.3,8.8,8.4,12.4,17.7,14.3,17.4,7,6.6,"68,140",769,"88,670",N,white not hispanic
1995,"76,930",100,7.2,8.7,8.8,12.2,18.6,14.4,17,7,6.1,"67,040",575,"87,000",857,white not hispanic
1994,"77,000",100,7.9,9.2,8.8,12.9,18.4,13.8,16.6,6.4,6,"64,830",565,"85,240",832,white not hispanic
1993,"75,700",100,8.2,9.1,8.8,12.9,18.3,14.4,16.2,6.6,5.5,"64,450",621,"83,790",822,white not hispanic
1992,"75,110",100,8.1,9.1,9,12.6,18.6,14.6,16.6,6.4,4.9,"64,340",655,"80,450",610,white not hispanic
1991,"75,630",100,8.1,8.9,8.6,13.2,18.7,14.7,16.5,6.5,4.8,"64,060",518,"80,010",587,white not hispanic
1990,"75,040",100,7.8,8.5,8.6,12.7,19.6,14.6,16.7,6.3,5.2,"65,610",503,"81,690",608,white not hispanic
1989,"74,500",100,7.3,8.7,8.8,12.2,18.8,15,17,6.7,5.5,"66,900",539,"83,570",673,white not hispanic
1988,"74,070",100,8.1,8.3,8.5,12.5,19,15.2,17.1,6.3,5,"66,490",644,"81,370",629,white not hispanic
1987,"73,120",100,8.2,8.5,8.6,12.5,19.1,15.1,17.1,6.2,4.7,"65,780",602,"80,330",614,white not hispanic
1986,"72,070",100,8.8,8.6,8.5,12.8,19.3,15.2,16.6,5.8,4.5,"64,520",547,"78,760",595,white not hispanic
1985,"71,540",100,8.9,9.1,8.9,13.3,19.6,14.9,15.9,5.4,3.8,"62,400",524,"75,580",564,white not hispanic
1984,"70,590",100,8.6,9.4,9.2,13.6,20.1,14.8,15.6,5.2,3.6,"61,150",558,"73,700",542,white not hispanic
1983,"69,650",100,9.1,9.2,10,13.5,20.5,14.8,14.9,4.7,3.3,"59,290",491,"71,660",504,white not hispanic
1982,"69,210",100,9.4,9.6,9.4,13.8,20.9,14.9,14.4,4.5,3.1,"59,050",489,"70,630",498,white not hispanic
1981,"69,000",100,9.4,9.3,10,13.8,20.2,15.5,14.7,4.6,2.6,"59,620",499,"70,110",480,white not hispanic
1980,"68,110",100,9,9.4,9.2,13.8,20.4,16,14.9,4.6,2.6,"60,750",568,"70,930",526,white not hispanic
1979,"67,200",100,9,9,8.6,13.5,20.4,16.1,15.5,4.8,3.1,"62,090",566,"72,940",525,white not hispanic
1978,"64,840",100,8.7,9.5,9.2,13,20.5,16.4,15.5,4.4,2.9,"61,970",537,"72,260",511,white not hispanic
1977,"63,720",100,9.2,9.8,9.1,13.3,21,15.9,15.1,3.9,2.6,"60,390",560,"70,270",546,white not hispanic
1976 19,"62,370",100,9.3,9.5,9.2,13.8,21,16.7,14.4,3.8,2.4,"59,910",574,"69,340",509,white not hispanic
1975 20,"61,530",100,9.5,10,9.3,14,21.9,15.8,14,3.4,2.2,"58,060",507,"67,540",538,white not hispanic
"1974 20, 21","60,160",100,9.1,9.1,9.1,13.3,22.4,16.3,14.4,4,2.3,"59,740",483,"69,470",499,white not hispanic
1973,"59,240",100,9.3,9.3,8.5,12.3,21.9,16.4,15.4,4.1,2.7,"61,750",475,"70,940",494,white not hispanic
1972 22,"58,010",100,10.1,8.9,8.4,13.2,22.4,16.3,14.4,3.9,2.5,"60,830",475,"69,930",514,white not hispanic
2022,"19,160",100,13.6,9.7,10.2,12.7,18.1,11.8,11.8,6,6.1,"53,500","1,544","77,150","2,018",black alone or combination
2021,"18,700",100,14.2,11.2,9.8,13.4,16,11.4,12,5.6,6.6,"52,640","1,793","77,130","2,026",black alone or combination
2020 2,"18,290",100,15.3,10.8,9.9,12.2,16.7,11,13,5,6.1,"52,700","1,421","77,680","2,076",black alone or combination
2019,"18,060",100,14.5,10.3,11.2,12.6,16.5,10.4,12.5,5.7,6.3,"52,480","1,308","77,360","2,186",black alone or combination
2018,"18,100",100,16.4,11.3,10.9,13,16.5,11.1,10.8,5.1,4.9,"48,190","1,059","68,620","1,542",black alone or combination
2017 3,"17,810",100,16.4,12.1,9.5,14.9,15.4,10.7,11.4,4.7,4.9,"47,150","1,333","68,830","1,538",black alone or combination
2017,"17,800",100,16.5,11.6,9.5,14.8,15.2,10.8,11.8,5,4.7,"47,870",972,"69,550","1,550",black alone or combination
2016,"17,510",100,16.8,11.6,10.1,13.9,16.1,10.8,11.5,4.7,4.5,"48,070","1,151","69,740","1,847",black alone or combination
2015,"17,320",100,17.8,12.4,10.1,13.9,15.8,10.3,10.9,5,3.8,"45,040","1,087","66,340","1,726",black alone or combination
2014,"17,200",100,18.6,12.8,10.7,14.4,16.2,9.2,10.2,4.3,3.6,"43,130",939,"62,440","1,379",black alone or combination
2013 4,"16,720",100,18.7,12,11.1,14.1,16.9,9.1,10.3,4.3,3.4,"43,880","1,570","63,390","2,670",black alone or combination
2013 5,"16,860",100,18.6,13.6,10.3,14.8,16.3,9.2,10.2,4,3.1,"42,660","1,413","60,980","1,758",black alone or combination
2012,"16,560",100,19.5,13.1,11.1,13.6,16.2,9.8,9.9,4,2.9,"41,870","1,630","59,800","1,507",black alone or combination
2011,"16,170",100,19.7,13.1,11.4,13.3,15.5,10.1,9.7,4.2,2.9,"40,960","1,151","60,130","1,609",black alone or combination
2010 6,"15,910",100,19.6,12.4,11.4,13.5,16.3,10.3,9.5,4.1,2.9,"41,960","1,009","59,370","1,346",black alone or combination
2009 7,"15,210",100,17.2,12.8,11.5,14.3,16.4,10.4,10.7,3.8,2.9,"43,320",910,"61,220","1,123",black alone or combination
2008,"15,060",100,17.2,11.5,11.8,14.4,17.4,10.2,10.5,4.2,3,"45,250",951,"61,500","1,058",black alone or combination
2007,"14,980",100,17.3,12.4,10,13.5,16.6,11.4,11.3,4.5,3.1,"46,560","1,045","63,960","1,150",black alone or combination
2006,"14,710",100,17.3,11.7,10.4,14.8,16.6,10.9,10.7,4.3,3.3,"45,010",548,"63,730","1,286",black alone or combination
2005,"14,400",100,18.2,12.2,11.1,12.9,17.7,10.3,10.8,3.9,3,"44,620",700,"61,590","1,103",black alone or combination
2004 8,"14,150",100,18.4,11.2,11.1,14.7,17,10.5,10.8,3.6,2.7,"44,850",676,"60,460","1,057",black alone or combination
2003,"13,970",100,17.3,13,10.4,14,16.4,11.1,10.8,4.2,2.8,"45,140",933,"61,300","1,068",black alone or combination
2002,"13,780",100,17.2,12.8,10.2,14.5,17.2,10,10.9,4,3.1,"45,290",980,"62,600","1,200",black alone or combination
2022,"18,080",100,13.7,9.9,10.3,12.6,18,11.4,11.9,6,6,"52,860","1,470","76,520","2,115",black alone
2021,"17,700",100,14.4,11.4,9.7,13.3,15.9,11.5,11.8,5.5,6.5,"52,080","1,810","76,450","2,095",black alone
2020 2,"17,320",100,15.5,11,10,12.2,16.7,10.9,12.7,5,6.1,"51,880","1,429","76,390","2,206",black alone
2019,"17,050",100,14.8,10.4,11.2,12.7,16.4,10.4,12.7,5.4,6,"51,750","1,380","75,800","2,144",black alone
2018,"17,170",100,16.7,11.4,10.7,13.2,16.4,11,10.7,5.1,4.8,"47,810","1,047","67,810","1,555",black alone
2017 3,"17,020",100,16.6,12.2,9.5,15,15.3,10.5,11.3,4.7,4.8,"46,420","1,645","68,420","1,592",black alone
2017,"17,000",100,16.8,11.8,9.5,14.8,15.3,10.6,11.5,5,4.7,"47,470","1,119","69,090","1,600",black alone
2016,"16,730",100,17.2,11.6,10.2,14,15.9,10.7,11.5,4.6,4.4,"47,380","1,423","68,930","1,840",black alone
2015,"16,540",100,18,12.5,10.2,14,15.6,10.3,10.9,4.9,3.7,"44,670","1,022","65,790","1,714",black alone
2014,"16,440",100,18.7,12.8,10.8,14.4,16.3,9.1,10.1,4.2,3.6,"42,820",917,"61,970","1,375",black alone
2013 4,"16,010",100,19.2,12.2,11.1,14.2,16.4,9.2,10.2,4.1,3.4,"43,340","1,729","61,900","2,391",black alone
2013 5,"16,110",100,18.7,13.6,10.3,14.8,16.2,9.3,10.1,3.9,3.1,"42,450","1,469","60,890","1,786",black alone
2012,"15,870",100,19.6,13.3,11.1,13.7,16.1,9.8,9.8,3.9,2.8,"41,370","1,614","59,270","1,538",black alone
2011,"15,580",100,19.8,13.2,11.4,13.3,15.5,10.1,9.7,4.2,2.8,"40,790","1,060","59,810","1,672",black alone
2010 6,"15,270",100,19.7,12.4,11.4,13.4,16.4,10.4,9.5,4,2.7,"41,920","1,071","58,670","1,344",black alone
2009 7,"14,730",100,17.3,12.8,11.5,14.3,16.4,10.3,10.8,3.8,2.8,"43,100",857,"60,910","1,142",black alone
2008,"14,600",100,17.3,11.5,11.8,14.3,17.4,10.2,10.4,4.2,3,"45,080",956,"61,310","1,079",black alone
2007,"14,550",100,17.3,12.3,10.1,13.5,16.6,11.4,11.2,4.5,3,"46,320","1,067","63,690","1,168",black alone
2006,"14,350",100,17.5,11.7,10.5,14.9,16.5,10.9,10.6,4.2,3.2,"44,780",555,"63,220","1,286",black alone
2005,"14,000",100,18.3,12.3,11,13,17.7,10.2,10.7,3.9,2.9,"44,480",714,"61,200","1,093",black alone
2004 8,"13,810",100,18.5,11.2,11.2,14.7,16.9,10.4,10.7,3.5,2.7,"44,640",764,"60,270","1,074",black alone
2003,"13,630",100,17.5,12.9,10.4,14,16.5,11,10.8,4.2,2.7,"45,070",965,"61,020","1,075",black alone
2002,"13,470",100,17.3,12.9,10.3,14.5,17.2,10,10.9,4,3,"45,050",998,"62,100","1,180",black alone
2001,"13,320",100,16.9,11.6,10.9,14,17,11.6,11.6,3.9,2.5,"46,310",897,"61,680","1,070",black
2000 9,"13,170",100,16.1,11.2,10.9,14.6,17.5,11.8,10.8,4.5,2.7,"47,670","1,039","62,950","1,049",black
1999 10,"12,840",100,16.9,12.1,10.5,14.3,16.3,10.9,11,4.7,3.4,"46,390","1,422","63,930","1,509",black
1998,"12,580",100,19,12.6,11.1,13.5,16.7,10.4,10.6,3.8,2.3,"43,010","1,108","57,920","1,273",black
1997,"12,470",100,18.5,12.6,11.4,13.9,17,11.3,10.3,3.1,1.9,"43,080","1,219","56,690","1,338",black
1996,"12,110",100,19.2,14.2,10.3,14.4,17,10,10,3,2,"41,250","1,335","57,020","1,832",black
1995 11,"11,580",100,19.7,13.6,11,14,17.2,10.6,9.7,2.7,1.5,"40,380","1,133","54,810","1,542",black
1994 12,"11,660",100,21.8,13.2,11.6,14,14.9,9.9,9.7,3.1,1.8,"38,810","1,187","54,000","1,275",black
1993 13,"11,280",100,22.8,14.8,11,14.3,15.2,9.4,8.2,2.9,1.5,"36,840","1,198","51,360","1,402",black
1992 14,"11,270",100,24.2,14.1,11,13.4,15.5,9.8,8.3,2.4,1.3,"36,250","1,218","49,190","1,097",black
1991,"11,080",100,23.7,13.5,10.6,13.7,16.2,10.4,8.1,2.5,1.2,"37,270","1,288","49,630","1,066",black
1990,"10,670",100,23,14.1,10.2,13.4,16.6,10.1,8.5,3,1.2,"38,360","1,439","50,970","1,132",black
1989,"10,490",100,22.1,13.2,11.4,13.7,16,10.2,9.3,2.7,1.3,"38,950","1,304","51,680","1,155",black
1988,"10,560",100,23.3,14.6,10.4,13.7,15.1,9.8,9.4,2.1,1.6,"36,890","1,265","50,540","1,213",black
1987 15,"10,190",100,23.7,13.9,11.5,14,15.8,9.4,8,2.4,1.3,"36,540","1,151","49,340","1,116",black
1986,"9,922",100,24,13.7,11.2,13.7,16,10.1,7.9,2.4,1,"36,350","1,174","48,770","1,090",black
1985 16,"9,797",100,23.2,14.2,11.6,15,16,9.5,8,1.8,0.8,"36,310","1,161","47,370","1,012",black
1984 17,"9,480",100,23,15.4,13.1,14.2,15.5,8.5,7.7,1.9,0.6,"34,130","1,079","45,510",921,black
1983,"9,236",100,24.6,15.6,12.2,14.2,15.5,8.9,7,1.6,0.3,"32,800","1,012","43,630",886,black
1982,"8,916",100,24.2,15.3,13.2,13.4,17.1,9.1,6,1.2,0.4,"32,910",869,"43,300",891,black
1981,"8,961",100,24.2,15.8,12.8,13.9,15.5,9.2,7.1,1.2,0.2,"32,980",912,"43,330",864,black
1980,"8,847",100,22.8,15.9,12.7,13.9,16.9,9.4,6.7,1.5,0.4,"34,390","1,067","44,630",904,black
1979 18,"8,586",100,21.7,15.5,11.8,15.5,16.4,9.9,7.5,1.4,0.4,"35,950","1,080","46,130",934,black
1978,"8,066",100,21.3,15.3,12.3,14.1,17.9,9.2,8,1.4,0.4,"36,550","1,271","46,710","1,003",black
1977,"7,977",100,21,16.5,13.1,15.7,16.3,9.3,6.6,1,0.4,"34,950",771,"44,780",655,black
1976 19,"7,776",100,20.7,16.7,12.9,14.6,17.4,9.9,6.3,1,0.4,"34,910",712,"44,600",654,black
1975 20,"7,489",100,21.6,16.9,11.9,15.8,17.7,9.3,5.6,0.9,0.3,"34,590",837,"43,180",630,black
"1974 20, 21","7,263",100,20.3,16.2,13.5,15.7,17.9,8.9,6.4,0.8,0.3,"35,230",699,"43,810",641,black
1973,"7,040",100,19.3,16.7,13.1,15,18.2,10.2,5.9,1.2,0.5,"36,030",923,"44,740",731,black
1972 22,"6,809",100,21.2,16,12.9,15.7,17.1,9.9,5.7,1,0.6,"35,010",863,"44,220",776,black
1971 23,"6,578",100,22.5,15.3,13.6,16.9,17.3,8.1,5.4,0.7,0.3,"33,990",832,"42,110",712,black
1970,"6,180",100,22.2,14.7,13.6,16,18,8.8,5.5,0.9,0.3,"35,180",794,"42,950",763,black
1969,"6,053",100,22,14.9,14,17.5,17.4,8.4,4.9,0.7,0.2,"35,260",855,"41,970",734,black
1968,"5,870",100,22.5,16.1,15.2,15.9,17.3,8.1,4.2,0.6,0.2,"33,020",788,"40,210",697,black
1967 24,"5,728",100,24.4,17.1,13.3,17.8,16,6.9,3.2,0.8,0.4,"31,230",855,"37,520",689,black
2022,"8,160",100,7.2,4.7,4.5,7,12.1,10.2,18.9,12.5,22.8,"109,400","3,783","147,700","4,754",asian alone or combination
2021,"7,852",100,7.3,5.2,5.5,5.8,12.8,10.8,17,12,23.7,"109,000","2,920","148,600","5,248",asian alone or combination
2020 2,"7,555",100,6.3,5.6,4.6,7.1,13.1,10.3,16.6,12,24.4,"107,100","4,009","149,000","4,768",asian alone or combination
2019,"7,334",100,5.6,4.3,5,6.8,12.7,10.8,19.1,12.8,22.9,"110,700","3,128","149,900","4,947",asian alone or combination
2018,"7,416",100,7.4,5.5,5.6,7.5,12.5,11.5,17.9,11.7,20.5,"100,300","2,810","137,400","4,078",asian alone or combination
2017 3,"7,124",100,7.5,5.2,5.2,8.5,13.5,12.1,16.8,11.8,19.3,"95,520","2,136","134,300","4,944",asian alone or combination
2017,"7,114",100,7.9,5.4,5,8.3,13.1,12.5,16.5,11.4,20,"95,460","2,235","134,100","4,669",asian alone or combination
2016,"6,750",100,7.8,4.9,5.5,7.9,12.9,12.6,17.5,12.4,18.4,"96,980","2,232","128,200","3,498",asian alone or combination
2015,"6,640",100,8.4,6.1,4.9,8.7,13.9,11.4,17.7,11.2,17.8,"92,920","2,786","127,300","4,379",asian alone or combination
2014,"6,333",100,8.6,5.3,6.2,9.5,12.9,12.4,17.7,12.4,15,"90,510","3,942","118,700","3,834",asian alone or combination
2013 4,"6,160",100,9,6.2,4.9,8.4,14.8,11.5,18.3,11,15.8,"88,910","6,442","124,000","8,524",asian alone or combination
2013 5,"6,111",100,9.3,5.4,7.1,9.2,15.3,12.7,17.1,10.3,13.6,"82,640","3,677","112,000","4,571",asian alone or combination
2012,"5,872",100,8.7,5.6,6.1,9.7,15.3,12.7,17.1,10.8,14,"84,660","3,548","113,900","3,869",asian alone or combination
2011,"5,705",100,8.4,6.5,7,9.9,14.1,12.9,18.6,10.6,12,"82,260","3,256","108,600","4,274",asian alone or combination
2010 6,"5,550",100,8.2,6.4,7.5,8.5,14.8,13,17.1,11.1,13.5,"82,900","3,145","109,200","3,452",asian alone or combination
2009 7,"4,940",100,9,5.8,6.8,8.9,13.9,12.2,18.1,10.2,15.1,"86,080","3,123","119,200","3,852",asian alone or combination
2008,"4,805",100,8.4,6.1,7.3,8.8,14.4,11.5,18,12.1,13.5,"86,390","3,062","113,700","3,223",asian alone or combination
2007,"4,715",100,7.8,5.9,6.4,8.1,13.5,13,19.9,11.1,14.2,"89,980","3,114","115,500","3,249",asian alone or combination
2006,"4,664",100,7,5.6,5.2,9.8,15.1,12,18.4,12,14.8,"89,520","3,726","122,600","4,222",asian alone or combination
2005,"4,500",100,8.3,5.9,6,7.6,15.5,12.6,19.6,10.3,14.3,"88,000","1,729","115,300","3,310",asian alone or combination
2004 8,"4,346",100,7.7,6.4,5.4,9.3,15.7,13.6,18.5,10.5,12.9,"85,210","2,825","112,900","3,506",asian alone or combination
2003,"4,235",100,10.5,7,6.1,7.1,14.9,12.7,18.4,11.2,12.2,"84,020","3,081","105,500","2,986",asian alone or combination
2002,"4,079",100,8,5.9,6.7,10.3,15,13.7,17.5,11.3,11.6,"81,150","2,020","107,800","3,373",asian alone or combination
2022,"7,609",100,7.5,4.7,4.5,6.9,12,10.4,18.6,12.4,23.1,"108,700","3,886","147,700","4,949",asian alone
2021,"7,276",100,7.3,5.4,5.6,5.8,12.5,10.4,16.8,12,24.2,"109,400","3,092","149,800","5,547",asian alone
2020 2,"7,002",100,6.3,5.7,4.6,7.2,13.1,10.1,16.4,12.3,24.3,"107,300","4,289","148,100","4,630",asian alone
2019,"6,853",100,5.7,4.3,4.9,7,12.3,10.4,19.4,12.7,23.4,"111,800","3,495","151,600","5,057",asian alone
2018,"6,981",100,7.5,5.4,5.6,7.5,12.5,11.2,17.8,11.9,20.6,"100,800","3,242","138,500","4,299",asian alone
2017 3,"6,750",100,7.4,5.3,5,8.4,13.6,12,17,11.9,19.4,"95,970","2,097","134,900","5,107",asian alone
2017,"6,735",100,7.9,5.5,4.8,8.1,13,12.5,16.6,11.4,20.1,"95,900","2,314","134,500","4,764",asian alone
2016,"6,392",100,7.8,4.8,5.4,8,12.7,12.5,17.7,12.3,18.9,"97,710","2,299","129,600","3,592",asian alone
2015,"6,328",100,8.3,5.9,4.8,8.6,13.8,11.5,17.9,11.2,17.9,"93,410","3,379","127,600","4,435",asian alone
2014,"6,040",100,8.8,5.4,6.2,9.5,12.7,12.4,17.4,12.4,15.1,"89,870","4,192","118,000","3,820",asian alone
2013 4,"5,818",100,9.1,6.3,4.9,8,15.1,11.7,17.9,10.9,16.1,"88,800","6,785","124,200","9,013",asian alone
2013 5,"5,759",100,9.4,5.5,7.2,9.3,15.1,12.8,16.8,10.5,13.5,"82,280","3,471","111,300","4,654",asian alone
2012,"5,560",100,8.7,5.6,6.1,9.6,14.9,12.8,17.3,10.9,13.9,"85,220","3,860","113,500","3,750",asian alone
2011,"5,374",100,8.3,6.4,7.1,10,14,13,18.7,10.7,11.8,"82,430","3,262","108,400","4,316",asian alone
2010 6,"5,212",100,8.4,6.3,7.4,8.5,14.2,12.9,17.1,11.3,13.8,"83,850","3,381","110,400","3,641",asian alone
2009 7,"4,687",100,9,5.8,6.7,8.8,13.6,12.4,18,10.5,15.1,"86,610","2,757","120,100","4,015",asian alone
2008,"4,573",100,8.6,6.1,7.3,8.7,14.5,11.3,17.9,12.1,13.6,"86,480","3,004","113,600","3,257",asian alone
2007,"4,494",100,7.7,6,6.4,8,13.5,12.8,20.1,11.2,14.3,"90,290","3,112","116,100","3,370",asian alone
2006,"4,454",100,7,5.8,5.3,9.8,14.7,12,18.4,11.7,15.2,"89,990","3,858","123,700","4,378",asian alone
2005,"4,273",100,8.3,6.1,6,7.5,15.2,12.7,19.4,10.3,14.4,"88,070","1,688","115,500","3,351",asian alone
2004 8,"4,123",100,7.7,6.4,5.5,9.2,15.6,13.6,18.4,10.5,13.2,"85,290","2,982","113,500","3,611",asian alone
2003,"4,040",100,10.6,7,6,6.9,14.7,12.8,18.3,11.3,12.5,"84,690","2,736","106,400","3,099",asian alone
2002,"3,917",100,7.8,5.9,6.7,10.4,14.9,13.6,17.5,11.3,11.8,"81,680","2,351","108,700","3,488",asian alone
2001,"4,071",100,7.7,6,6.3,9.8,14.9,13.9,18,10.8,12.6,"84,280","3,309","115,000","4,464",asian and pacific islander
2000 9,"3,963",100,6.8,6,5.2,9.9,15.1,12.2,20.4,10.2,14.2,"89,590","2,514","117,000","3,994",asian and pacific islander
1999 10,"3,742",100,7.9,6.7,5.6,9.3,16,12.6,17.7,9.5,14.6,"84,710","4,911","112,000","4,670",asian and pacific islander
1998,"3,308",100,8.3,6.2,6.9,9.7,16.4,12.6,19.6,10.7,9.7,"79,130","3,623","102,200","4,854",asian and pacific islander
1997,"3,125",100,8.5,7.4,6.4,9.2,16.6,13.7,18.3,10.5,9.4,"77,820","3,559","101,300","5,163",asian and pacific islander
1996,"2,998",100,9.6,6.8,6.1,9.9,17.3,12.6,19.2,10.3,8.3,"76,020","4,482","99,340","5,860",asian and pacific islander
1995 11,"2,777",100,8.9,8,7.9,8.9,17.7,14.5,18.2,7.6,8.4,"73,230","3,022","99,580","6,608",asian and pacific islander
1994 12,"2,040",100,9.1,7.9,6.6,9.7,17.3,13.8,18.6,8.1,8.9,"74,720","4,658","97,020","5,687",asian and pacific islander
1993 13,"2,233",100,10.6,8.1,7.5,10.5,14.9,12.4,19.4,9.2,7.5,"72,330","5,851","94,760","6,277",asian and pacific islander
1992 14,"2,262",100,8.7,7.7,8.6,9.2,17.5,14.8,17.8,8.4,7.3,"73,060","3,469","90,550","4,095",asian and pacific islander
1991,"2,094",100,9.2,6.9,6.5,12.3,16.7,13.8,17.8,8.9,7.8,"72,240","3,834","91,720","4,447",asian and pacific islander
1990,"1,958",100,7.5,7.8,6.3,8.9,16.4,16.2,19.1,9.5,8.2,"78,970","3,848","95,330","4,440",asian and pacific islander
1989,"1,988",100,6.2,8.3,6.4,9.9,17.2,14.3,20.1,9.3,8.4,"77,760","3,458","96,660","4,627",asian and pacific islander
1988,"1,913",100,7.5,8.4,7.6,10.2,17.6,14.4,17.3,9,8,"72,550","4,904","90,700","4,457",asian and pacific islander
1987 15,N,100,9.3,8.6,8.8,9.2,14.2,15,18.1,9.7,7.1,"75,130","4,595",N,N,asian and pacific islander
2022,"2,464",100,11.9,9.7,8.3,14.2,17.6,14.1,13.4,5.3,5.5,"58,060","3,936","76,390","4,274",native alone or combination
2021,"2,475",100,15,9.4,9.1,12,17,10.8,14.2,5.6,6.8,"55,300","1,517","78,900","5,245",native alone or combination
2020 2,"2,333",100,9.9,11.8,8.9,12,16.5,14.2,13.4,6.6,6.6,"61,020","4,105","83,650","5,340",native alone or combination
2019,"2,350",100,11.7,9.7,8.9,13.4,16.5,12.6,14.8,6,6.5,"58,090","2,302","79,230","4,438",native alone or combination
2018,"2,481",100,13.1,11.5,9.3,13,17.8,12,12.4,6.2,4.8,"54,630","4,066","73,760","3,911",native alone or combination
2017 3,"2,514",100,13.8,10.9,10,14,16.4,11.7,12.2,4.2,6.7,"52,560","5,054","75,220","4,167",native alone or combination
2017,"2,510",100,13.7,11.4,9,14.4,15.2,12.9,12.6,5.1,5.8,"53,070","4,633","74,510","3,935",native alone or combination
2016,"2,443",100,13.9,10.5,9.5,14.9,17.7,10.5,11.7,5.2,6.1,"51,050","3,072","77,490","5,260",native alone or combination
2015,"2,436",100,15.2,11.6,8.5,14,17.2,11.6,11.7,6.2,4.2,"51,780","4,284","71,580","4,320",native alone or combination
2014,"2,247",100,14.7,11.6,10.9,12.6,17.2,11,12.9,4.9,4.2,"50,640","2,785","68,980","2,989",native alone or combination
2013 4,"2,041",100,17,13.3,9.5,11.8,13.9,12.3,11.4,5.2,5.6,"48,790","6,870","76,150","12,440",native alone or combination
2013 5,"2,119",100,14.5,12.1,11.4,15.5,17.2,11.5,10.7,4.1,3,"45,950","2,987","62,330","4,018",native alone or combination
2012,"2,233",100,16.7,12.7,11,14.7,17,10,10.4,4.4,3.1,"45,520","2,217","62,230","3,202",native alone or combination
2011,"2,162",100,14.2,12,12.4,14.6,17.5,11,10.4,4.1,3.8,"46,460","2,943","64,940","3,194",native alone or combination
2010 6,"2,040",100,15.5,12.6,10.2,13,16.7,10.7,12,6.3,3,"48,490","4,790","65,150","3,571",native alone or combination
2009 7,"1,820",100,13.9,11.1,11.6,14,16.8,12.2,11.3,5.3,3.8,"49,100","2,816","69,600","3,519",native alone or combination
2008,"1,932",100,13.3,9.2,10.9,15.1,16.6,13.4,12.7,5.2,3.6,"52,260","3,117","71,050","4,198",native alone or combination
2007,"1,919",100,13.8,11.1,9.9,13.4,17.4,12.3,13.1,5.3,3.8,"52,270","2,678","69,760","3,293",native alone or combination
2006,"1,848",100,12.9,11.8,10.6,14.3,18.5,9.7,11.9,5.5,4.8,"50,890","2,650","70,110","3,474",native alone or combination
2005,"1,873",100,15,9.9,10.1,13.1,16.9,12,13.8,4.9,4.2,"52,200","2,878","70,740","3,132",native alone or combination
2004 8,"1,894",100,11.9,10.4,9.8,15.3,17.2,12.2,13.6,4.7,4.8,"53,330","3,243","75,720","5,210",native alone or combination
2003,"1,752",100,11.6,12.6,10.3,12.1,16.5,12.7,14.3,5.3,4.6,"54,850",N,"73,310",N,native alone or combination
2002,"1,651",100,12.9,10.8,9.3,14.4,20.3,10.9,12.5,5.4,3.6,"52,810",N,"71,070",N,native alone or combination
2022,"1,371",100,12.5,10,10.2,14.3,17.7,13.2,11,5.4,5.6,"52,810","4,972","75,220","6,040",native alone
2021,"1,430",100,14.4,10,9.2,12.2,17.7,11.2,12.3,6,7,"55,100","2,730","78,820","8,332",native alone
2020 2,"1,377",100,10.9,12.7,9.6,13.7,16.5,12.7,12,4.7,7,"55,090","5,067","78,370","6,565",native alone
2019,"1,329",100,13.5,8.9,8.7,14.4,16.3,12.5,15.3,5.3,5.2,"56,250","4,406","75,210","5,215",native alone
2018,"1,331",100,13.9,12.1,9.4,13.7,18.1,10.9,12,5.6,4.1,"50,600","5,410","71,190","5,291",native alone
2017 3,"1,327",100,16.8,11,10.9,14,16.3,10.7,9.8,4,6.4,"45,290","5,728","71,280","6,197",native alone
2017,"1,326",100,16.5,12.4,8.6,13.9,15.6,11.6,10.4,5.4,5.6,"48,600","4,947","72,960","6,508",native alone
2016,"1,314",100,14.8,11.3,8.9,15.5,18.1,9.6,12,4.5,5.4,"50,010","2,824","75,990","8,233",native alone
2015,"1,417",100,16.7,11.2,8.6,14.5,16.6,12.3,10.1,5.6,4.3,"48,330","5,101","67,770","4,313",native alone
2014,"1,264",100,15.7,10.1,11.4,13.2,16.5,11.8,13.4,4.2,3.8,"50,210","3,413","68,260","3,850",native alone
2013 4,"1,045",100,18.4,14.7,9.4,15,10.2,13.6,10.9,3.9,3.8,"42,150","7,974","60,660","7,189",native alone
2013 5,"1,108",100,15.1,14.6,11.1,15.9,18.9,9.5,10.2,2.1,2.6,"43,640","3,351","56,860","4,184",native alone
2012,"1,196",100,20.5,12.2,10.4,15.6,16.6,9.5,9.2,3.7,2.3,"42,690","3,754","58,680","5,031",native alone
2011,"1,108",100,16,14,12.3,14.7,17.1,10,8.9,3.8,3.4,"41,290","3,822","59,440","4,491",native alone
2010 6,"1,036",100,17.1,14.7,10.2,13.4,14.5,11.8,11.1,4.5,2.7,"41,780","4,910","59,380","4,972",native alone
2009 7,907,100,15.5,12.9,10.6,14.9,16.3,12.3,10.8,4,2.8,"45,630","2,457","63,430","4,680",native alone
2008,977,100,15.1,10.6,11.9,15.6,15.6,12.6,12.5,3.3,2.8,"46,460","3,703","66,140","6,958",native alone
2007,943,100,16.9,9.8,11,14,19.5,11.4,11.4,3.7,2.4,"48,690","3,812","62,460","4,638",native alone
2006,888,100,15.7,13.3,11.4,15.1,19.3,8,9.4,3.7,4.1,"45,160","3,057","62,400","4,941",native alone
2005,817,100,17.7,11.1,9,12.8,17.1,11.9,12.2,4.6,3.5,"48,890","4,616","65,820","4,483",native alone
2004 8,824,100,15.1,10.9,11.8,15.7,17.1,8.9,12.3,4.7,3.5,"46,990","3,317","65,980","6,073",native alone
2003,754,100,15.4,12.8,10.8,11.5,15.4,10,12.6,6.5,5,"49,040",N,"70,560",N,native alone
2002,764,100,13.4,10.7,8.5,16.7,21.3,9.1,13.3,5,1.9,"50,800",N,"63,450",N,native alone
2001,"1,229",100,13.8,10.3,10,15.8,18.4,10.4,13.8,3.4,3.9,"50,420",N,"69,290",N,native
2000 9,"1,041",100,14,12.8,9.9,13.6,17.6,12.4,12.4,4.5,2.7,"50,340",N,"66,650",N,native
1999 10,961,100,15.9,12.9,11.8,9.5,18.5,13.8,10,5,2.6,"50,180",N,"64,540",N,native
1998,775,100,12.3,11.9,8.6,13.2,18.3,15.9,12.3,4.9,2.7,"53,490",N,"66,290",N,native
1997,823,100,12.8,13.6,10.8,14.6,17.6,12.3,10.9,4.6,2.8,"48,640",N,"63,750",N,native
1996,851,100,18.7,12.9,10,18.1,11.7,11.2,12.6,2.1,2.7,"41,680",N,"62,460",N,native
1995 11,763,100,16.2,15.8,12.9,13.3,17.6,8.4,11.7,3.3,0.8,"39,050",N,"53,370",N,native
1994 12,547,100,15.9,12.1,9.1,13.8,18.9,14.1,9.8,4.6,1.8,"48,480",N,"60,230",N,native
1993 13,614,100,15.4,13.3,10.8,14.9,20.4,12.3,7.2,3.9,1.8,"45,810",N,"56,230",N,native
1992 14,752,100,16.9,12.5,11.7,15.4,18.1,10.3,10.5,3.5,1,"43,770",N,"55,270",N,native
1991,608,100,15.8,10.4,12.2,14.5,19.1,11,13.2,3.1,0.6,"47,590",N,"57,530",N,native
1990,530,100,16.6,11.3,11,12.3,22.2,12.5,8.8,3.5,1.8,"47,210",N,"57,960",N,native
1989,511,100,18.6,19.1,10.4,11.8,17.8,9.4,9.7,2.1,1,"37,340",N,"50,770",N,native
1988,469,100,15.5,18.6,11.9,16.2,16.2,10.4,7.7,3.3,0.2,"37,100",N,"49,810",N,native
1987 15,469,100,19.8,14.5,11.2,14.8,17.9,10.3,7.6,2.5,1.4,"39,920",N,"51,010",N,native
2022,"2,482",100,9.5,7.7,6.6,12.5,17.9,14.3,14.5,7.6,9.5,"69,470","4,074","97,870","7,154",two or more
2021,"2,330",100,10.8,6.9,8.7,10.5,16.1,11.2,17.7,8.4,9.7,"69,000","5,412","97,540","5,687",two or more
2020 2,"2,242",100,9.1,7.8,7.3,9.2,14.2,14.7,17.7,7.9,12.2,"78,380","3,633","114,300","8,635",two or more
2019,"2,269",100,7.7,8.3,9.6,10.8,17.1,12.6,12.8,9.6,11.4,"70,110","3,711","100,500","6,300",two or more
2018,"2,207",100,9.6,9.7,9.7,10.8,16.9,13.2,14.6,6.9,8.5,"64,230","4,131","90,680","6,340",two or more
2017 3,"2,086",100,10.2,8.4,9.6,13.2,16.5,12.9,13.9,6.1,9.1,"62,850","4,533","88,710","5,072",two or more
2017,"2,094",100,9.7,7.9,9.5,14.8,15,13.3,15.2,6.2,8.5,"63,610","5,302","88,750","5,045",two or more
2016,"2,015",100,9.8,9.5,9,12,18.8,12.4,12.7,8,7.7,"61,730","2,927","88,010","5,572",two or more
2015,"1,870",100,13,10.4,7.9,12.3,18.7,10.6,12.7,7.4,7,"60,050","3,473","85,690","7,408",two or more
2014,"1,793",100,12,11.1,9.5,12.7,16.8,11,14,6.7,6.2,"56,380","3,074","81,580","5,397",two or more
2013 4,"1,843",100,10.6,9.8,9.6,10.3,19.7,9.8,14.6,8.1,7.4,"59,430","6,959","101,300","19,020",two or more
2013 5,"1,860",100,12.9,8.9,10.4,13.6,16.6,11.9,13.5,6,6.3,"56,370","3,196","78,910","5,431",two or more
2012,"1,776",100,13.2,10.5,10.3,11.8,18.3,10.7,12.7,6.3,6.2,"55,020","2,853","77,230","5,062",two or more
2011,"1,764",100,12.2,9.5,11.2,13.3,17.1,11.5,13.3,5.4,6.4,"55,400","5,019","78,180","4,497",two or more
2010 6,"1,810",100,13,10.1,9.6,12.5,18.3,10.4,13.5,7.2,5.4,"54,580","2,432","77,710","4,855",two or more
2009 7,"1,484",100,12.8,8.7,10.8,12.5,17.1,12.4,12.5,6.2,7,"55,740","2,503","79,990","4,074",two or more
2008,"1,465",100,11.3,8.1,9.4,13.6,17.1,13.6,13.8,7.3,5.9,"59,000","4,171","81,840","5,121",two or more
2007,"1,457",100,10.9,10.8,8.3,12.7,15.6,13.3,14.3,6.9,7.1,"58,530","4,704","80,560","3,687",two or more
2006,"1,393",100,9.5,9.1,8.5,13.2,18.4,11.9,14.9,8.8,5.9,"62,400","4,463","83,270","5,208",two or more
2005,"1,506",100,11.5,8.3,10.5,12.4,17.6,11.8,15.9,6,5.9,"60,030","3,819","82,370","5,279",two or more
2004 8,"1,517",100,9.8,9.6,7.6,13.5,18.8,13.9,15.3,5.7,5.8,"61,800","2,522","83,860","6,088",two or more
2003,"1,407",100,8.2,11.6,9.6,12.4,17.5,14.3,16.1,5.5,4.9,"62,030",N,"79,020",N,two or more
2002,"1,243",100,11.9,9.8,8.8,13.2,18.7,12.6,13.1,6.4,5.5,"56,810",N,"81,580",N,two or more
2022,"19,320",100,9.8,8.1,8.9,12.7,18.5,13.5,14.7,6.9,6.8,"62,800","1,596","85,210","1,798",hispanic
2021,"19,230",100,10.3,7.6,9.1,13.1,17.7,12.3,15.3,6.6,7.8,"62,520","1,709","87,210","1,782",hispanic
2020 2,"18,340",100,9.2,8.7,9,13.5,17.8,13.1,15.1,6.5,7,"62,480","1,307","84,870","1,585",hispanic
2019,"17,670",100,9.1,7.7,9.3,12.8,18.8,13,14.9,7,7.3,"63,910","1,336","85,490","1,846",hispanic
2018,"17,760",100,9.7,9.5,10.1,13.5,18.2,13.3,13.7,6.2,5.9,"59,470",850,"82,000","1,871",hispanic
2017 3,"17,340",100,10.4,9.4,9.1,14.5,17.8,12.6,14.3,5.8,6,"59,150",894,"79,780","1,783",hispanic
2017,"17,320",100,10.1,9.4,9.1,14.4,17.3,12.8,14.7,6.3,5.9,"59,530",850,"80,560","1,676",hispanic
2016,"16,920",100,10.3,9.7,9.3,14.7,18.2,12.6,14.1,6,5.3,"57,200","1,334","80,170","1,595",hispanic
2015,"16,670",100,11.4,10,10.6,15.1,17.4,12.6,12.3,5.5,5.2,"54,650","1,225","77,000","1,667",hispanic
2014,"16,240",100,12,11,10.8,15.3,18.2,11.8,12.4,4.7,3.8,"51,400","1,027","69,590","1,305",hispanic
2013 4,"16,090",100,12.2,12.1,11.8,16.1,16.7,10.1,11.5,4.6,4.8,"48,690","2,397","70,680","3,435",hispanic
2013 5,"15,810",100,12.6,11.6,10.8,15.5,18.2,11.7,11.8,4.4,3.4,"50,250","1,114","67,040","1,487",hispanic
2012,"15,590",100,13.5,11.7,11.4,15.7,17.8,10.9,11.5,4.2,3.4,"48,430","1,091","66,330","1,426",hispanic
2011,"14,940",100,12.5,11,12.3,15.4,18.5,11.3,11,4.5,3.5,"48,880","1,139","66,260","1,237",hispanic
2010 6,"14,440",100,12.6,11.2,12.1,15.1,17.6,11.7,11.7,4.8,3.3,"49,110","1,249","67,070","1,417",hispanic
2009 7,"13,300",100,11.4,11.2,12,15,18.1,12,11.9,4.7,3.7,"50,320","1,092","69,090","1,247",hispanic
2008,"13,430",100,11.5,11.2,11.5,15.7,18.1,11.9,12,4.4,3.7,"49,950","1,053","67,950","1,157",hispanic
2007,"13,340",100,10.7,10.6,11.5,15.5,18,12.9,13.1,4.3,3.5,"52,830","1,168","69,420","1,202",hispanic
2006,"12,970",100,10.9,9.7,11.2,15.7,19.8,11.8,12.3,4.7,3.9,"52,930","1,164","70,850","1,337",hispanic
2005,"12,520",100,11,10.3,11.6,15.5,19.9,11.9,12,4.1,3.6,"51,850",847,"67,950","1,124",hispanic
2004 8,"12,180",100,11.4,10.7,11.5,15.8,19.7,11.6,11.7,4.3,3.3,"50,830","1,171","68,050","1,369",hispanic
2003,"11,690",100,10.7,11.5,11.4,16.1,18.8,12,11.8,4.2,3.5,"50,170","1,148","67,610","1,231",hispanic
2002,"11,340",100,10.7,11.1,11,16.4,18.2,12.8,12.1,4.5,3.3,"51,380","1,231","69,670","1,532",hispanic
2001,"10,500",100,10.1,11.3,11.3,14.9,19.8,12,12.9,4.5,3.3,"52,750","1,101","69,750","1,450",hispanic
2000 9,"10,030",100,10,10.8,10.9,15.5,19.8,13,12.7,4,3.3,"53,300","1,263","70,670","1,673",hispanic
1999 10,"9,579",100,10.4,11.9,11.4,15.9,19,11.8,12.5,3.9,3.1,"51,110","1,222","67,140","1,961",hispanic
1998,"9,060",100,13.2,12.3,11.2,15.2,18.8,11.8,10.8,3.9,2.9,"48,070","1,524","64,950","2,272",hispanic
1997,"8,590",100,14.3,12.4,12.2,15.1,18.8,11.5,9.8,3.4,2.6,"45,800","1,344","61,710","2,048",hispanic
1996,"8,225",100,14.3,13.3,12.6,16,18,10.7,10.1,2.7,2.4,"43,750","1,396","59,740","2,274",hispanic
1995 11,"7,939",100,16,13.6,13.2,15.4,18.1,10,9.1,2.8,1.8,"41,220","1,477","56,260","2,076",hispanic
1994 12,"7,735",100,15.8,13.9,11.8,15.6,17.9,10.3,9.5,3.1,2.1,"43,230","1,321","58,290","2,393",hispanic
1993 13,"7,362",100,14.3,14.8,11.9,16.2,18.5,10,9.8,2.7,1.7,"43,170","1,427","57,130","1,976",hispanic
1992 14,"7,153",100,14.6,13.5,12.7,15.4,18.9,10.9,9.5,2.9,1.5,"43,680","1,485","55,710","1,440",hispanic
1991,"6,379",100,14.1,13.9,11.4,15.8,18.7,11.7,9.6,2.9,2,"44,970","1,539","57,220","1,506",hispanic
1990,"6,220",100,13.9,13.7,11.3,15.3,20,11.8,9.2,2.9,1.8,"45,860","1,547","57,450","1,558",hispanic
1989,"5,933",100,13.8,11.7,11.7,15.6,18.5,12.3,11.2,3.1,2.1,"47,210","1,506","60,290","1,704",hispanic
1988,"5,910",100,14.9,12.4,12.1,14.8,19,12.1,9.8,2.7,2.1,"45,770","1,908","58,440","2,038",hispanic
1987 15,"5,642",100,15.1,13,12.5,15,18.3,11.5,9.9,2.8,1.9,"45,080","1,611","57,790","1,760",hispanic
1986,"5,418",100,15.2,13.1,12.3,15.2,18.5,11.3,10.3,3,1.2,"44,230","1,895","55,850","1,511",hispanic
1985 16,"5,213",100,15.3,14.5,12.2,15.2,19.4,10.8,9.4,2.2,1,"42,790","1,644","53,470","1,431",hispanic
1984 17,"4,883",100,15.8,13.6,11.9,14.3,20.5,11.4,9.1,2.3,1.2,"43,050","1,775","53,530","1,717",hispanic
1983,"4,326",100,15.8,14.8,12.1,16.2,19.3,10.8,8.1,2.1,0.8,"41,980","1,750","51,120","1,615",hispanic
1982,"4,085",100,15.3,15.5,12.3,15.5,19.3,10.8,8.7,1.3,1.2,"41,740","1,814","51,510","1,719",hispanic
1981,"3,980",100,13.8,12.9,13.2,15.7,21.1,11.2,9.6,1.6,1,"44,620","2,010","53,580","1,684",hispanic
1980,"3,906",100,14.2,13,13,16.6,19.5,12.2,8.6,1.9,1,"43,610","1,945","53,270","1,745",hispanic
1979 18,"3,684",100,12.4,12.6,11.3,17.6,21.3,12.2,9.2,2.3,1.1,"46,270","2,194","55,980","1,850",hispanic
1978,"3,291",100,12.2,12.8,12.6,17.3,21.1,12.9,8.4,1.9,0.8,"45,840","1,827","54,150","1,802",hispanic
1977,"3,304",100,12.2,14.5,12.4,18.1,21.1,11.7,7.4,1.8,0.6,"44,180","1,276","52,140","1,324",hispanic
1976 19,"3,081",100,14.3,14,13.1,17.6,20.1,12,6.8,1.7,0.5,"42,270","1,483","49,960","1,337",hispanic
1975 20,"2,948",100,14.4,14.1,13.9,18,21,10.8,6.1,1.1,0.7,"41,400","1,506","49,140","1,436",hispanic
"1974 20, 21","2,897",100,11.5,13.5,13.8,17,23,11.9,7.4,1.4,0.8,"45,050","1,623","52,190","1,398",hispanic
1973,"2,722",100,10.8,12.7,13.3,18.3,23,12.7,7.4,1.4,0.5,"45,250","1,691","52,570","1,407",hispanic
1972 22,"2,655",100,10.6,14.4,13,19,24.5,9.9,6.7,1.1,0.8,"45,260","1,455","52,020","1,455",hispanic